year,category_en,revenue,share_in_year_pct,rank_in_year
2017,bed_bath_table,490596.92,8.23,1
2017,watches_gifts,475610.71,7.98,2
2017,health_beauty,473833.0,7.95,3
2017,sports_leisure,435674.14,7.31,4
2017,computers_accessories,391786.29,6.57,5
2017,cool_stuff,381414.3,6.4,6
2017,furniture_decor,324587.6,5.44,7
2017,toys,299056.71,5.02,8
2017,garden_tools,256949.2,4.31,9
2017,auto,234550.09,3.93,10
2017,housewares,222518.16,3.73,11
2017,perfumery,210943.55,3.54,12
2017,computers,156280.8,2.62,13
2017,baby,148434.88,2.49,14
2017,telephony,135508.26,2.27,15
2017,office_furniture,126275.08,2.12,16
2017,unknown,100066.8,1.68,17
2017,small_appliances,96841.18,1.62,18
2017,stationery,91472.94,1.53,19
2017,pet_shop,84156.32,1.41,20
2017,consoles_games,82886.93,1.39,21
2017,fashion_bags_accessories,79352.76,1.33,22
2017,musical_instruments,78488.46,1.32,23
2017,luggage_accessories,75088.7,1.26,24
2017,electronics,55200.34,0.93,25
2017,home_confort,37270.8,0.63,26
2017,furniture_living_room,33883.44,0.57,27
2017,agro_industry_and_commerce,29179.2,0.49,28
2017,fixed_telephony,27604.94,0.46,29
2017,air_conditioning,27269.21,0.46,30
2017,home_construction,23742.45,0.4,31
2017,home_appliances,23071.73,0.39,32
2017,home_appliances_2,21051.09,0.35,33
2017,market_place,19314.91,0.32,34
2017,construction_tools_construction,19221.88,0.32,35
2017,kitchen_dining_laundry_garden_furniture,18522.15,0.31,36
2017,books_general_interest,18446.0,0.31,37
2017,audio,17452.67,0.29,38
2017,fashion_shoes,14674.5,0.25,39
2017,art,8981.34,0.15,40
2017,costruction_tools_garden,8731.89,0.15,41
2017,industry_commerce_and_business,8656.67,0.15,42
2017,food,8346.38,0.14,43
2017,furniture_bedroom,8238.63,0.14,44
2017,fashion_male_clothing,8125.56,0.14,45
2017,construction_tools_safety,7846.9,0.13,46
2017,food_drink,7286.94,0.12,47
2017,fashion_underwear_beach,6896.85,0.12,48
2017,tablets_printing_image,6260.45,0.1,49
2017,books_technical,5762.22,0.1,50
2017,drinks,4646.65,0.08,51
2017,signaling_and_security,4248.81,0.07,52
2017,costruction_tools_tools,4087.29,0.07,53
2017,construction_tools_lights,4053.48,0.07,54
2017,dvds_blu_ray,3409.88,0.06,55
2017,christmas_supplies,2826.94,0.05,56
2017,furniture_mattress_and_upholstery,2548.28,0.04,57
2017,fashio_female_clothing,1963.38,0.03,58
2017,party_supplies,1843.4,0.03,59
2017,fashion_sport,1725.02,0.03,60
2017,music,1558.39,0.03,61
2017,la_cuisine,1273.99,0.02,62
2017,books_imported,947.99,0.02,63
2017,small_appliances_home_oven_and_coffee,734.79,0.01,64
2017,cine_photo,695.0,0.01,65
2017,cds_dvds_musicals,665.0,0.01,66
2017,home_comfort_2,609.18,0.01,67
2017,pc_gamer,519.96,0.01,68
2017,fashion_childrens_clothes,349.98,0.01,69
2017,security_and_services,283.29,0.0,70
2017,flowers,270.5,0.0,71
2017,arts_and_craftmanship,151.89,0.0,72
2017,diapers_and_hygiene,76.0,0.0,73
2018,health_beauty,755724.5,10.47,1
2018,watches_gifts,687855.2,9.53,2
2018,bed_bath_table,532358.85,7.38,3
2018,sports_leisure,517166.26,7.16,4
2018,computers_accessories,496269.3,6.88,5
2018,housewares,391823.46,5.43,6
2018,furniture_decor,381649.57,5.29,7
2018,auto,343288.3,4.76,8
2018,baby,250615.79,3.47,9
2018,cool_stuff,227743.7,3.16,10
2018,garden_tools,212186.2,2.94,11
2018,perfumery,174372.0,2.42,12
2018,telephony,174123.68,2.41,13
2018,toys,168123.27,2.33,14
2018,office_furniture,140578.35,1.95,15
2018,stationery,132315.75,1.83,16
2018,pet_shop,126849.64,1.76,17
2018,construction_tools_construction,122886.61,1.7,18
2018,musical_instruments,105827.28,1.47,19
2018,electronics,99735.6,1.38,20
2018,home_appliances_2,86902.86,1.2,21
2018,small_appliances,85912.94,1.19,22
2018,unknown,70593.94,0.98,23
2018,fashion_bags_accessories,69592.43,0.96,24
2018,luggage_accessories,63612.93,0.88,25
2018,computers,62403.34,0.86,26
2018,consoles_games,61497.08,0.85,27
2018,home_construction,57665.12,0.8,28
2018,home_appliances,55760.75,0.77,29
2018,small_appliances_home_oven_and_coffee,45854.77,0.64,30
2018,agro_industry_and_commerce,41386.9,0.57,31
2018,construction_tools_lights,35903.52,0.5,32
2018,furniture_living_room,33467.26,0.46,33
2018,audio,32960.94,0.46,34
2018,construction_tools_safety,30926.32,0.43,35
2018,industry_commerce_and_business,29482.54,0.41,36
2018,kitchen_dining_laundry_garden_furniture,27009.83,0.37,37
2018,fixed_telephony,27005.39,0.37,38
2018,books_general_interest,26856.15,0.37,39
2018,air_conditioning,24705.06,0.34,40
2018,home_confort,20737.65,0.29,41
2018,food,20304.87,0.28,42
2018,signaling_and_security,17066.24,0.24,43
2018,drinks,16883.19,0.23,44
2018,costruction_tools_garden,16364.39,0.23,45
2018,art,14675.96,0.2,46
2018,books_technical,12940.01,0.18,47
2018,costruction_tools_tools,11816.66,0.16,48
2018,furniture_bedroom,10813.17,0.15,49
2018,fashion_shoes,8296.97,0.11,50
2018,food_drink,7655.94,0.11,51
2018,market_place,7565.57,0.1,52
2018,cine_photo,5979.47,0.08,53
2018,christmas_supplies,5910.9,0.08,54
2018,music,4475.96,0.06,55
2018,portateis_cozinha_e_preparadores_de_alimentos,3933.63,0.05,56
2018,books_imported,3470.87,0.05,57
2018,party_supplies,2621.79,0.04,58
2018,fashion_underwear_beach,2409.1,0.03,59
2018,fashion_male_clothing,2301.87,0.03,60
2018,furniture_mattress_and_upholstery,1775.1,0.02,61
2018,arts_and_craftmanship,1662.12,0.02,62
2018,diapers_and_hygiene,1289.89,0.02,63
2018,tablets_printing_image,1267.96,0.02,64
2018,dvds_blu_ray,1132.71,0.02,65
2018,flowers,839.54,0.01,66
2018,pc_gamer,786.99,0.01,67
2018,la_cuisine,781.0,0.01,68
2018,fashio_female_clothing,616.66,0.01,69
2018,fashion_sport,369.5,0.01,70
2018,fashion_childrens_clothes,169.97,0.0,71
2018,home_comfort_2,151.09,0.0,72
2018,cds_dvds_musicals,65.0,0.0,73
